{
  "IcoMoonType": "selection",
  "icons": [
    {
      "icon": {
        "width": 1152,
        "paths": [
          "M1088 901.166c0 45.5 26.028 84.908 64 104.184v15.938c-10.626 1.454-21.472 2.224-32.5 2.224-68.008 0-129.348-28.528-172.722-74.264-26.222 6.982-54.002 10.752-82.778 10.752-159.058 0-288-114.616-288-256s128.942-256 288-256c159.058 0 288 114.616 288 256 0 55.348-19.764 106.592-53.356 148.466-6.824 14.824-10.644 31.312-10.644 48.7zM512 0c278.458 0 504.992 180.614 511.836 405.52-49.182-21.92-103.586-33.52-159.836-33.52-95.56 0-185.816 33.446-254.138 94.178-70.846 62.972-109.862 147.434-109.862 237.822 0 44.672 9.544 87.888 27.736 127.788-5.228 0.126-10.468 0.212-15.736 0.212-27.156 0-53.81-1.734-79.824-5.044-109.978 109.978-241.25 129.7-368.176 132.596v-26.916c68.536-33.578 128-94.74 128-164.636 0-9.754-0.758-19.33-2.164-28.696-115.796-76.264-189.836-192.754-189.836-323.304 0-229.75 229.23-416 512-416z"
        ],
        "tags": [
          "bubbles",
          "comments",
          "chat",
          "talk"
        ],
        "defaultCode": 59756,
        "grid": 16,
        "attrs": []
      },
      "attrs": [],
      "properties": {
        "ligatures": "bubbles, comments",
        "name": "bubbles",
        "order": 3,
        "id": 109,
        "prevSize": 32,
        "code": 59756
      },
      "setIdx": 0,
      "setId": 1,
      "iconIdx": 108
    },
    {
      "icon": {
        "paths": [
          "M384 64h640v128h-640v-128zM384 448h640v128h-640v-128zM384 832h640v128h-640v-128zM0 128c0-70.692 57.308-128 128-128s128 57.308 128 128c0 70.692-57.308 128-128 128s-128-57.308-128-128zM0 512c0-70.692 57.308-128 128-128s128 57.308 128 128c0 70.692-57.308 128-128 128s-128-57.308-128-128zM0 896c0-70.692 57.308-128 128-128s128 57.308 128 128c0 70.692-57.308 128-128 128s-128-57.308-128-128z"
        ],
        "tags": [
          "list",
          "todo",
          "bullet",
          "menu",
          "options"
        ],
        "defaultCode": 59835,
        "grid": 16,
        "attrs": []
      },
      "attrs": [],
      "properties": {
        "ligatures": "list2, todo2",
        "name": "list2",
        "order": 4,
        "id": 188,
        "prevSize": 32,
        "code": 59835
      },
      "setIdx": 0,
      "setId": 1,
      "iconIdx": 187
    }
  ],
  "height": 1024,
  "metadata": {
    "name": "icomoon"
  },
  "preferences": {
    "showGlyphs": true,
    "showQuickUse": true,
    "showQuickUse2": true,
    "showSVGs": true,
    "fontPref": {
      "prefix": "icon-",
      "metadata": {
        "fontFamily": "icomoon"
      },
      "metrics": {
        "emSize": 1024,
        "baseline": 6.25,
        "whitespace": 50
      },
      "embed": false
    },
    "imagePref": {
      "prefix": "icon-",
      "png": true,
      "useClassSelector": true,
      "color": 0,
      "bgColor": 16777215,
      "classSelector": ".icon"
    },
    "historySize": 50,
    "showCodes": true,
    "gridSize": 16
  }
}